chapter_id,title,hook_type_guess,hook_tail_quote
CH0001,第1章 道法无情,crisis,一声，变成绿色黏液，然后炸开成浓烟散开了。” “不是朝廷的高手动手的啊？” “当然不是！” 路胜听出这是城门守备的军官在闲聊。 他时常都会故意路过这边城门，这里的军官守备士兵消息灵通，都喜欢到处拿稀奇事吹牛扯淡。 “这倒是巧了……”路胜脸上不动声色。他回想起之前那块玉石，心头一沉。 马车缓缓朝着城里最繁华的枯荣街驶去。
CH0002,第2章 作弊器,crisis,现在居然还各种看到幻觉！ 他前世时，无聊的时候下了个乱剑群侠传小游戏，因为游戏难度太大，他就自己编了个简单的修改游戏武功的作弊器。 取名叫深蓝作弊器。说起来刚才那声声音还是他自己亲自用变声器录的。 没想到…… 然后路胜果断仔细去看方框内的界面。 界面极其简单，只有一个个小格子密密麻麻。 上边写着： 路胜—— 武学：无。
CH0003,第3章 黑虎刀法（上）,open,告诉你，就算是最强的江湖高手，也对付不了那些奇奇怪怪的诡异之事。” “……我明白了……” 路胜点头。 “我只是，心里不踏实，做到自己能做的就好。” “胜哥明白就好。”赵大虎想了下，从怀里摸出一本小册子，那册子是用一层层的黄色布匹包裹着。 他细心的慢慢打开，将最里面的小册子露出来。 册子表面写着几个大字。 “黑虎刀法”。
CH0004,第4章 黑虎刀法（下）,crisis,。 很快路放路全安也来了。 “怎么回事？”他带着路胜的二娘三娘一起过来的。 路胜的娘亲很早就病逝了。 从小就是二娘照顾他。 二娘刘翠玉性情柔和，待人极好，对他和对自己孩子没有丝毫不同。 “就是练武亏了点气血。没事。”路胜一一给家里人解释。 他是家中的长子，是未来要继承家业的顶梁柱，出了什么事，自然第一时间就会引发关注。
CH0005,第5章 勇武,crisis,。 时间缓缓过去。 呜…… 很快，风里隐隐飘来一阵声音，似乎是风声，又像是某种动物的呜咽声。 呼！ 猛然一道黑影从侧面扑来，火把反光，照射出来的是一双绿油油的眼睛。 那黑影速度极快，一下扑到肉块位置，叼起肉就跑。 路胜心头一喜，便要动身。 忽然他后背一紧。 一股冷风打在背心上。 路胜双眼睁大，提着朴刀转身就是一记横斩。
CH0006,第6章 黑会,crisis,不干净，甚至还有的带着血腥气。 喜欢参加黑会的，大多是亡命之徒和凶恶之辈。 “能安排我参加么？” 路胜却是打定主意要参加了。 寻常的凶徒，也没人敢惹路府。 路家光强壮丁勇就有三四十人，护院中还有赵伯那样的高手数人。 路全安老爷和官府衙门还有千丝万缕的联系，遇事还可以有军队帮忙。 这样的大户人家，还真不怕一般的什么凶徒。
CH0007,第7章 会场（一）,crisis,今年才十七，是继承了他爹的工作，也到路家来做门房。 小八和路胜也蛮熟，时常会给路胜说些城里城外流传的趣事异闻。 这也是路胜爱听的。 “老爷在吗？” 路胜下车付了钱，随口问道。 “老爷又去衙门了，知府大人召他，好像是要找什么东西。” 小八笑道。 “找什么东西？” 路胜这几日都在忙自己的事，却是没在意府里。 “什么东西？”
CH0008,第8章 会场（二）,open,，路胜见了这皮甲，心头也有些心动，这种皮甲轻便灵巧，比金属甲方便活动，不会影响动作。如果防御力真的和介绍的一样，那确实是件好东西。 他有心想要出价，但见价钱瞬间便快到了一千两，便只得忍住放弃，他真正的目的，还是下面的那本秘籍。 不能因小失大。 皮甲最后被那个背刀的赤发大汉买走。 紧接着，便是倒数第二件东西。 内功秘籍。
CH0009,第9章 端木婉（一）,crisis,他对手。 张俊东出手前便仔细识别过，对方不在那几人之列。 在拍卖会上被截胡，他虽然是张家的人，但同时还有着另一层身份。 那就是紫华城外臭名昭著的狼盗，其中的一名大头目。 既然秘籍拍卖失败，那就索性硬抢，反正他也不是第一次干这种事，黑会也没人会给得拍者安全保障。 之后杀人抢到手，他还能平白节约上千两给自己用，何乐而不为？
CH0010,第10章 端木婉（二）,crisis,道。 “哪有什么艺？只是路上被一队商队搭救，这才顺路先到九连城，不然半道上婉儿和侍卫说不定会饿死冻死在哪个角落呢。” 婉儿解释道。 “说起来，搭救婉儿的那位公子，也是和您一样武艺高强。” 端木婉轻笑起来。 “是吗？” 路胜一听便知道对方看到了他前面出手的情景。 “婉儿在黑会上，似乎见公子十分需要内功秘籍？”端木婉又道。
CH0011,第11章 蛰伏（一）,reversal,学几套功夫在身。” “多学几套功夫？赵伯的意思是……？” 路胜挑了挑眉。 赵伯笑道。 “我老赵，在九连城也算有几分薄名，大公子你路家，也颇有财名，两相结合，应该能说动不少老家伙，把他们压箱底的绝学传出来，交给你。说起来，这些所谓绝学可都是能排得上三流的绝艺，大多不在黑虎刀之下。若是大公子有意，我倒是可以代为引荐引荐。”
CH0012,第12章 蛰伏（二）,question,容易的内功，修行一天就能产生气感。三者都是上手容易大成难的类型。真假极易识别。” 她话风一转，又道。 “至于是否有错漏修改处，这个就要看公子信不信婉儿了。否则就算是真秘籍，摆在公子面前，怕也会被嫌疑。” “婉儿姑娘所言不错。”路胜心头一喜，如果真如对方所说，三本秘籍都极易上手，那比起黑煞功，这三门功夫远远更加适合于他。
CH0013,第13章 蛰伏（三）,reversal,。 仔细感受着在胸腹之间不断循环流转的玉鹤功内气，感觉新奇不已。 “感觉就像是身体内多了一条线。” 路胜试着控制这条线，发现这玩意儿似乎并不能往其他地方窜，只能固定在胸腹之间转圈。 而在这一丝内气转圈的过程中，他明显感觉到自己呼吸轻松不少，精神也要旺盛一些。 “入了门的内功，我看看……”路胜翻出秘籍来看了看上边的记录。
CH0014,第14章 蛰伏（四）,reversal,明显感觉胸腹处的气息比之前大了不少。 如果之前是头发丝，那么现在就是筷子粗细。 路胜又看了看另一门功夫，破心掌。 这门功夫显示未入门，外功和内功不同，只要记住招式心法，就能在修改器上显示项目。 而内功一定要先产生气感才能修改。 路胜打算先迅速提升玉鹤功，提高精气神总量，再来修改其他外功，这样一来，身体负荷也要轻松许多。
CH0015,第15章 蛰伏（五）,crisis,敛念头，路胜心头默念。 “深蓝。” 顿时一个淡蓝色界面出现在他面前。 他轻车熟路，按下修改键，然后精神集中在了玉鹤功的选项上。 “提升一层！” 选项上的状态顿时一跳，轻轻松松从一层，跳到了二层。 身体内部，一种被掏空的感觉猛然涌出，仿佛极短时间内纵欲过度很多次一样。 视线也有些头晕目眩起来，之前的那种潮热感又涌出来了。
CH0016,第16章 变故（一）,reversal,胜放下筷子，看向路全安。 “你说九连城收集不到武艺了，要不要去一趟沿山城？” 路全安认真道。 “沿山城？” 路胜一愣，他没想到老爹居然是要他离开九连城。 “是啊。”路全安点点头。“那里有我的一个老友，他前几日书信里提到，沿山城有中原名家高手开门授艺，你若是愿意，可去一趟那边，说不定可以带回来一两套中原真正的厉害武学。”
CH0017,第17章 变故（二）,crisis,向二头。 “来吧！”二头咧嘴一笑，大斧头挥了挥。指着自己脑门道。 “小娃子还像模像样的，往这儿砍！这儿！” “你爷爷我站在这儿原地不动让你……” 哧！！ 刹那间一道银色电光一闪而过。 路胜手中的长刀一下化作轻灵的燕子，骤然跨越数米距离，一下从二头身上横切而过。 噗！ 一颗人头骤然飞起。 血撒了一地。 整个院子一片寂静。
CH0018,第18章 变故（三）,crisis,和两个通力境的交手，他其实也受了伤。 林双火和林洪水都是天生神力，加上泼风刀法也是增强力道的，这就导致两人的刀势极重。 在最后那一下硬碰硬。 路胜右臂的肌肉也被震伤，后脚跟隐隐作疼，应该是高强度的爆发让脚筋也伤到了。 还有双肩因为短时间内连续爆发，全力使刀，加上最后一下硬撞，此时也传来阵阵痛楚，不知道是不是骨头伤到了。
CH0019,第19章 上路（一）,reversal,的！这次绝对是真的！” 路全安不理她，而是看向一边刚刚进来的大夫。 “小胜的伤势如何？” 这大夫其实也是路家的远亲，只不过是分工不同而已。路府发达后，便将他们都召集起来。 “还好，只是一些皮外伤。将养个十天半个月就能好。” 大夫赶紧回答。 “那就好，到时候再问问他还去不去沿山城学武。” 路全安想到这个，心里也有些烦躁。
CH0020,第20章 上路（二）,crisis,里来回走了几步。 他的伤势早就好得差不多了。只是一直在苦练黑煞功，等待气感。 只要有一丝气感，他就打算迅速提升内功，务必要让黑煞功真正形成自己实力的一部分。 就在这时，路全安匆匆忙忙带着两个家丁进入院子。 “胜儿，修养差不多了，今日就启程吧？” 路全安面色温和平静，手里提着一个黑色绸缎包裹。显然是为路胜准备的路上盘缠。
CH0021,第21章 上路（三）,crisis,门状态。 轰！！！ 几乎是同时间，路胜看到状态变化的瞬间，他体内五脏六腑猛地狠狠一热。 一股巨大的热流凭空出现在他体内，蛮横的开始循着十数条经脉狠狠窜动。 热流滚烫而烧灼，像是一条火焰在路胜体内流动。 他站在原地，脸色急速涨红，浑身皮肤跟着红起来，像是煮熟了的虾壳。 汗水大量的顺着全身毛孔渗出，然后化为白气，缓缓蒸腾。
CH0022,第22章 上路（四）,reversal,了许多，不似第一次那么艰难。 只是短短盏茶的功夫，也就是十几分钟时间。 路胜便慢慢缓过气来。 虽然身体还是很痛，无处不痛，一些新的经脉被黑煞功内气冲开，开始纳入循环网络，自然新的被冲开的经脉也需要修复，修复也需要时间。 但他现在的感觉。 就像是浑身上下充满了气，快要炸开一般。 “再试试！” 路胜站起身，抽出腰后的长刀。
CH0023,第23章 出事（一）,reward,路胜腰后挂着长刀，刀只是普通的精钢打造，不是什么有名兵刃，但胜在厚重，不那么容易坏。 两人一路赶到九连城，小巧已经累得不行，中途还是路胜抱着她赶了一截路才支撑下来。 路胜现在修习黑煞功，再加上每日勤练刀法，身体远比以前强壮太多。 特别是黑煞功的刺激强化。 每一次在体内运转一圈，就感觉像是一团滚烫热气在体内滋养肌肉骨骼。
CH0024,第24章 出事（二）,reversal,，便是一个衣柜，一个梳妆台。 梳妆台后面便是窗户，此时那木窗半开着，露出外面黑乎乎的小巷。 蜡烛光从进门右手面的书桌上照下来，将大半房间都照亮，却反倒衬托出那半开的木窗更加幽黑。 路胜走过去，探头从窗户望出去。 木窗外的巷子，正好面对着路府的一处侧门。 从窗口望外望去，可以清楚的看到一条笔直小巷直通有些荒凉的白色侧门。
CH0025,第25章 守夜（一）,question,加上大宋武官已经很多年没有打过仗。 实际上说起来，他这个官位，还是靠考兵法谋略，和做试卷考出来的。和打斗没什么关联。 大宋重文轻武也是很多年来的陋习了。所以此时一家人的主心骨，都在路胜身上。 “放心吧。”路胜回想起自己看到的那一抹白色衣角，心头隐隐有了一丝预感。 如果能抓住那白色衣角之人，或许能解决人口不断失踪的案子。
CH0026,第26章 守夜（二）,crisis,来的？比起那些山林里的猛兽也不遑多让了。 他曾经在山中见识过一只巡山黑熊，那黑熊闯入宅院时，造成的惨状便是如眼前这般差不多。 “今晚之事，谁也不准说出去！否则……”大伯路安平阴冷的看了周围人一圈。 “来人，把这里处理下，尽量不要留下任何痕迹。” 周围侍卫和家丁被他看得浑身一寒，此时还有地上的尸体威慑，顿时谁也不敢二话。
CH0027,第27章 招募（一）,crisis,向是我红莲寺虔诚香客之一，这次出事，主持吩咐我等专程前来，看看有没有什么地方能出手相助。” “多谢大师，也替我谢过红莲主持。” 路胜回以微笑。 另外那道人则开口询问案情。 路胜一一回答。 颜开两人在一旁仔细听着，一边也在打量这个路胜。 “是受阴气侵袭，而且是才不久受的伤。” 颜开仔细观察后，看出这个路大公子身体的异样。
CH0028,第28章 招募（二）,question,案的始末。” “在下也想尽一份绵薄之力。” 路胜认真道。 “我说不用就不用，普通人来再多也没用，就算你练过一点武功，也只会成我等的拖累。武功对鬼物没用！” 颜开毫不客气，皱眉直言道。 听得一边的段蓉蓉冷汗直冒，万一惹火了眼前这个路公子…… 路胜还想说话，就被颜开打断了。 “好了不用说了，这不是你们普通人能掺合得了的。”
CH0029,第29章 找到（一）,crisis,火把。 自己亲手握着火把，朝道观接近。 于汉想要制止，但转念一想，又咬咬牙。 “跟上！”他大声道，第二个跟着路胜走过去。 其余侍卫家丁一个个都有些心头发毛，可府里规矩如山，又不得不跟着于汉一起往前。 虽说有颜开挡在前面，还有大公子在前，但这些侍卫家丁一个个大多是雏儿，没见过血，能在这种阵仗里支撑着没跑路就已经很不错了。
CH0030,第30章 找到（二）,question,和原本一样。 专蜂见状，眼里闪过一丝悲哀。 “没用了，她已经傻了……阴气入脑，没了阳气支持，脑袋起码有一半以上的地方都没了生机，能活下来已经是奇迹了。这是那位道长说的原话。” 路胜心情沉到谷底。 抱着路轻轻站起身，又看了看其余两人。 这一男一女都模样俊俏俊美，身材也匀称漂亮，显然是这里的妖鬼专门留下来不知作何用途的货。
CH0031,第31章 爆炸（一）,reversal,，或许他……” 路胜闭上眼，面色阴沉，缓缓摇摇头。 “我已经问过了……” 他涩声道。 “按我说，二姐这样或许还能好些……免得整天出去惹是生非……” 五娘的女儿路莹莹在一旁小声嘀咕。 其余人没听到，但路胜却是因为练武，现在五感敏锐，耳聪目明，听得清清楚楚。 他抬头严厉的瞪了路莹莹一眼。 后者被吓得身体一抖，不敢再说话了。
CH0032,第32章 爆炸（二）,crisis,废墟层出不穷，像是一个个大小不一的坟包。 路胜还看到不光是他过来，还有不少佩戴刀剑兵器的江湖人，也在附近四处闲逛，似乎在寻找什么。 这些江湖人一个个相互保持距离，眼里有着警惕之色，身上或多或少都有一些气势，显然都不是九连城本身的那些练家子。 他还看到，这些江湖人不时的会从废墟堆里翻找出一些乱七八糟的东西，迅速收入怀里。
CH0033,第33章 不同（一）,crisis,木婉说的这些是真是假，但不管真假，只要再从此女身上弄到新的更强的内功，这一趟和其见面就算值了。 “内功心法？那种玩意儿……有用么？”端木婉理了理秀发，将胸前往路胜挺了挺。“内功有什么好玩的，不如公子和婉儿进房，玩一些有意思的游戏……” “婉儿姑娘说笑了，在下需要什么代价才能得到那种内功心法？还请姑娘明示。”路胜沉声道。
CH0034,第34章 不同（二）,question,。 “三位先请坐。”路胜笑了笑。 等待侍女上完茶，纷纷退下，关好门窗后。 他才继续道：“道长，昨夜到底发生了什么？”路胜又询问一次。 颜开也不隐瞒，将之前端木婉说的那一番说辞一一道来。等到说完，已经是半个时辰后了。 他这次所说的，比端木婉还要详细，或许是想到坏了路胜几匹马有些不好意思，颜开也很认真的回答路胜的一些问题。
CH0035,第35章 离开（上）,question,候出发？”他问。 路全安想了下：“你想什么时候出发由你自己决定吧，我请你大伯派人送你。” “……我先去城里看看吧……”路胜叹气。 城里他向不少师傅学过功夫，这趟出远门，论礼节是要前去拜访打招呼的。 路全安点头默许，便任由路胜处理了。 路胜拖着才提升内气，伤势未愈的身体，第二日一大早便出了门，在九连城内坐着马车绕了一圈。
CH0036,第36章 离开（下）,reversal,前鼓囊，双腿修长，长发及腰，一见便能让他联想起什么秋月、白兰、清纯之类的词语。 “他们也是一片好意。”路胜笑了笑。他不是什么伪君子，也不是坐怀不乱，有漂亮女孩主动追求，自己本身也没有婚嫁。他也没抵触心思，便抱着顺其自然的念头。 特别是眼前这女孩明明最好的地方是长腿，在这里的人眼里却成了最差的地方。想到这里他便有些惋惜。
CH0037,第37章 弄情（一）,open,热热闹闹喝酒说笑，再带几句自以为风流文采的打油诗，气氛倒是热烈。 路胜被安排和陈芸熙坐在一起，另外一起来的还有两个女孩，一个挨着宋振国，一个挨着另一个面色清冷的学院学生。看起来都是成双成对。 嘭！ 硕大的金色烟花，在寻阳楼外骤然炸开，于夜幕中化为一朵巨大牡丹。 “开始了！开始了！！”众人纷纷欢呼起来，起身涌到楼边观赏。
CH0038,第38章 弄情（二）,question,晃晃的小灯笼，淡淡的红光从灯笼里映照出来，这红火的颜色，在这深夜越发显得清冷。 “有人吗？”路胜一眼望去，居然整个楼船里都看不到一个人。 “我记得刚才来时，这里没这么多红灯笼……”他双目微微眯起，心中有些发紧。 楼船上三层，每层五个房间，一共十五个房间，个个门口都挂了红灯笼。淡淡的红光将整个楼船内都染成红色，一片寂静。
CH0039,第39章 弄情（三）,crisis,是像上次水鬼留下的那种鹅卵石再多点，或许我还能推演其他黑煞功等更高级的功法。” 感受了下新的内功，似乎随着爆发力的增强，玉鹤功原本的自愈能力也得到了丝丝强化。 “这已经不算事玉鹤功了，既然是融合了黑虎刀法劲力技巧，以后，就叫黑虎玉鹤功算了。” 他心中这么想着，顿时修改器上玉鹤功显示的名字，也缓缓变成了黑虎玉鹤功五个字。
CH0040,第40章 弄情（四）,question,，总是不散。 “可我也没办法，谁叫我天生就腿长呢？”陈芸熙仰起头，一脸愁苦的看着他。“我知道你可能瞧不上我，但我真的很喜欢你……” 她咬咬牙，从腰囊里取出一卷有着铜印的纸张，轻轻展开。 “我父亲说了，听说路大哥你家里要搬迁大城，不如就搬过来这里。只要你愿意，这是沿山城十五栋酒楼的商契，便都是你的。足以让路家站稳脚跟。”
CH0041,第41章 弄情（五）,reversal,给画舫的女孩送水粉和香包，才专门半夜跑去找表弟？可既然你也回去了，怎么……” “极有可能！”路胜也想到了，“别猜了，我们直接去画舫问问吧。” 宋振国闻言，点点头。 两人二话不说，再度拦了马车，直奔松柏江边，此时天色渐晚，正好是夜晚游玩喝花酒的时间。 宋振国带着路胜轻车熟路的找到了之前他们去过的那家画舫，名字叫莺莺画舫。
CH0042,第42章 弄情（六）,crisis,到了自己苦恋的君儿。他一个月单单这上边就要花销上千两银票，就为了将君儿完整的保下来，不让其他客人点她的单。为了这事，家里老父已经和他吵了不下十次。 一想到这事，宋振国便又头疼起来。 匆匆到了家，他下车付了钱，进了庭院，便朝自己房间赶去，一刻也不想看到家里任何人。 几个侍女下人见了他，正想问候打招呼，转眼便看不到他影了。
CH0043,第43章 倩影（一）,crisis,想，来沿山城这几个月，他也暗地里调查询问清楚了这城内的情况。 沿山城高手不多，因为官府势力强盛，对江湖人马管束较多，所以这里的高手反倒是官场中人和带兵将领来得多。 其中名气最大的，便是一气青峰剑鲁城钟。相比此人，其余人都只是陪衬，不过鲁城钟已经八十七岁了，三个儿子都是城内高官，根本不好接近请教。 这个首先便被路胜排除。
CH0044,第44章 倩影（二）,crisis,我一朋友至交送给我的礼物。上好的九原玉石。” 路胜接过来，刚一到手，便感觉玉石中一股冰寒气息顺着手掌急涌入体内。 那冰寒气息，居然和之前他吸收那粉末时，感觉一模一样。 “好浓的阴气！”路胜心头一震，他把这种气息命名为阴气，而这块玉石中的阴气之盛，比他之前吸收的粉末还要强出太多，以至于他不用滴血也能靠着皮肤接触吸收很多。
CH0045,第45章 倩影（三）,open,尖锐，有的声音粗豪，不断从街道上经过。 此时街道上一长串吹着唢呐大声唱歌的队伍，穿得红红蓝蓝，多是些大叔大妈，敲鼓砸锣，喊着号子，正是熏缎节前的民歌预热，朝着城中心的方向慢慢赶去。 更让路胜无语的是，周围街边出来看热闹的民众，居然也一点不觉得吵，反而兴高采烈的跟着队伍走，有的还一起跟着唱。还专门有衙门的官差来维持秩序。
CH0046,第46章 倩影（四）,crisis,麻下来，提不起力气。她想要冲出房间，找到宋振国，让他赶紧走。但她知道自己做不到。 “嘻嘻嘻……” 忽然一阵尖锐的女子笑声从房间另一处出响起。 君儿猛然看过去。 房间自己的床铺上，不知道什么时候坐了一个浑身白裙的长发女子。 这女子一头黑发瀑布般垂下，将整个头和脸都遮住，看不到把那点面容。她的身子骨纤细得像一阵风就能吹倒。
CH0047,第47章 倩影（五）,crisis,！！ “死！！！” 剧烈的墙壁破碎声中，竟然还夹杂着震耳欲聋的狂吼，路胜穷追不舍，一刀再度砸烂墙壁，扑向白衣人。 他浑身血管隐隐凸显，浮现在全身表面，身上血气翻滚汹涌，整个人仿佛一下膨胀起来，比之前的体型足足大了一大圈，如同小巨人。 他手里提着那把刀，对比他的体型，就像是捏着根小树枝。刀身粗细甚至还没有小臂的三分之一。
CH0048,第48章 倩影（六）,reversal,焦黑的路胜，伸手拦住君儿，忽然对着路胜深深一记弯腰鞠躬。 “这一次，是我差点害了月生和焦荣的性命。为了我和君儿的事，差点将你们两人牵扯进来。” “此事……怕是还不算完。”路胜却冲他微微摇头。 宋振国一愣，忽然看到路胜的视线落在自己身侧君儿身上。 他迅速转头看向君儿，却骇然看见，她原本实实在在的身体，正慢慢的变得半透明。
CH0049,第49章 事了（一）,crisis,脸上眼睛下微微浮现的黑眼圈，表明她休息不好。 “真的很累啊。”路胜叹了句。 端木婉点点头，叹息一声，全然没了第一次遇到路胜时的从容妖媚。 “有的人，总以为自己胜券在握，什么话也听不进，什么事也只认为自己是对的。无论你找出多少证明，告诉他这是错的，都没用……你说，这样的人，是不是很讨厌？” 路胜沉默了下。 “是很讨厌。”
CH0050,第50章 事了（二）,crisis,，知道这有可能是短时间内临时出现的一缕内气，之后随时会消失，他马上心中默念。 “深蓝！” 修改器界面浮现出来，还停留在刚才吸收了阴气后的状态，每个功法后面都有着一个可以推演的按钮。 路胜略过其他武学，视线笔直落在黑虎玉鹤功上。 “黑虎玉鹤功：第三层顶峰。特效：快速止血。” 下面便是新出现的阴阳引。 “阴阳引：未入门。”
CH0051,第51章 方向（一）,reversal,之举，老挂在嘴边做什么。”路胜摆摆手。“说起来，这趟岁试怎么没看到振国兄？” “他啊。”陈焦荣摇头，“被抽中考生检查，早就进去了。最近不知道发生了什么事，那家伙好像受了什么刺激，开了窍一般，经义策论越来越精熟，这趟怕是要中。” “是吗？”路胜微微有些意外，还以为宋振国经历君儿之事后，会情绪低落失意，没想到还振作起来了。
CH0052,第52章 方向（二）,reversal,其实就是黑道组织。黑帮组织。只不过比较隐蔽而已。 他想了下，又塞出一两碎银，给老头子算是谢礼。 “公子上道！”老头顿时眉开眼笑。“这赤鲸帮里强人不少，据说还是帮衙门管理沿山城治安的庞然大物，想必里面一定有人有办法解决公子的体质。” 路胜可不管这些，他想到的是更强的功法，赤鲸帮如果能混进去，或许能弄到比黑煞功还强的功法。
CH0053,第53章 赤鲸（一）,crisis,也懒得搞什么弯弯绕绕，直白一点。 “武功啊……”这下赵杰释然了。赤鲸帮的武功确实是北地最强，其余什么会什么门，都没法比。 “好吧，请去登记一下名字，年龄，擅长。”他直接给路胜指了指一侧右边的一扇小门。 “事先提醒一句，我帮中弟子想要习武，都是从宣武阁中习得，而进宣武阁，需要评定阁下的实力层次，和为帮中做出的贡献程度。”
CH0054,第54章 赤鲸（二）,crisis,一群人围着老头忙活了半晌，路胜站在一边，肖老过来想要开口安慰他，但眼下那王老头没救活之前，说什么话都是白费。 他看怪物一般看了眼路胜，摇头叹气，最终拍拍路胜肩膀，什么话也没说。 路胜有些无语，刚刚才升腾起来的一点热血，一下又沉寂下来。 他忽然有些明白自己现在的实力到什么层次了。 不是自己之前猜测的名宿，或许比那更强……
CH0055,第55章 赤鲸（三）,crisis,什么怪事？”路胜问。 赵杰眉头微皱，低沉道：“之前一个住在附近的书生，叫什么王紫泉的，据说莫名其妙深夜去了一趟画舫，便再也没回来，前不久还闹腾得沸沸扬扬。” “这事我也听说了，我还问过上边要不要处理下，毕竟引起的恐慌太大。上边直接回答说，这事不用管，过阵子就会自己消停。”肖老接话道。 路胜双目一眯，心中隐隐有些明白了。
CH0056,第56章 赤鲸（四）,reversal,找。 他笔直朝着最上方的帮主洪明资看去。 “果真是英姿勃发，人中龙凤！”洪明资声音有些虚弱，但还是中气十足，欣慰笑道。 “我赤鲸帮，就是因为如路小兄弟这般的英才不断加入，才能一直雄霸北地，屹立不倒。” “诸位也都见过人了，还请说说意见吧？”副帮主陈鹰也走上去，坐下自己的位置。 专门也有人引着路胜到侧面的一个座椅上坐下。
CH0057,第57章 宋家庄（一）,crisis,就算是帮中帮主也比不上。而这个位置也多是轮换制，不是一直由某个人担任。每次轮换一年。 高层大多是轮番担任一下外务使，当时的吴三就是如此，他才刚刚轮换上任，知道黑祸危险，为了谨慎起见，他带了足足一队人，一共五人，都是通力层次的好手，前往调查此事。 结果，吴三失踪了，他带过去的人，也都失踪了，之后他的尸体被发现在小树林里。
CH0058,第58章 宋家庄（二）,crisis,渐看到不同角度的庄子内庭景象。 破败的枯树。 满是白灰的窗户。 随风摇动的白灯笼。 布满划痕的房屋柱子。 还有……石桥上站着的一个书生。披头散发，正双眼直瞪瞪盯着经过马车的灰衣书生。 路胜双目一下睁大，以他的目力，能够清楚的看到，那书生面无表情，双眼里满是血丝，脸色惨白，站在那里若不是眼睛睁着，都能让人以为他是个死人。
CH0059,第59章 宋家庄（三）,reversal,多出一道红印，但没破皮。 “这才一门硬功，就有这么大效果，这刀可是我才换的新货。”路胜心中满意。“等这边事了，去宣武阁好好找找，或许能找到不少对我有用的免费武学。”他心中对赤鲸帮的宣武阁更加期待了。 抬起头，路胜再度朝着那庄子方向看去，他隐隐能感觉到，那庄子里面似乎隐藏了什么东西。 他决定在这里常驻几天，仔细调查清楚。
CH0060,第60章 宋家庄（四）,reversal,卖了个精光。剩下的都是破旧不堪，连收货的人都嫌弃难搬的东西。 望着小女孩跑出去的身影，路胜看了看破败的庭院，阴森的环境。 “难为这小家伙了。” “没想到这真有人住啊。”段蒙安感觉有些紧张。 “这庄子有人住很奇怪么？”另一人叫宁三，是路胜挑选来专门走这一趟的好手。 他们假借路人身份，便是打算来仔细调查这个庄子的内部情况。
CH0061,第61章 宋家庄（五）,reversal,来。 路胜迅速拿出打火石，又尝试了几次，都是刚点上就被风吹熄，无奈之下，他只得放下烛台，就这么走出房间，朝茅房方向走去。 黑漆漆的庭院里，到处都看不到灯光，也不知道其他人是都睡了还是怎么的。一个人声都没有。 路胜缓缓顺着走廊往外走，茅房的方向，一般是在房屋的后院。 他走出走廊，进到院子，绕到整个卧房的侧面，往后院走去。
CH0062,第62章 宋家庄（六）,crisis,死了接连五头阴蝠，其中一头速度太快，狠狠在一名护卫脖子上咬了口，差点就将他直接咬死。 要不是李顺溪动手够快，这护卫也是小命不保。这下，包括龚如清和龚如梦在内的所有人，都对李顺溪越发佩服和依赖。特别是两个漂亮女孩的青睐，让李顺溪越发得意起来。 他也频频看向路胜。却见其依旧没有任何反应，只是似乎因为找不到人，面色越发凝重。
CH0063,第63章 宋家庄（七）,crisis,狠推开，一下又扑向李顺溪。 李顺溪左挡右避，但龚如清的身手仿佛一下变得极其强悍，几个回合后，他居然有些抵挡不住。 他咬咬牙，从腰包里取出一根暗金色锥子，上边刻有细密的繁复花纹。 可看到梨花带雨的龚如清，他又下不来手。毕竟这女子只是被附身而已，这样下手，岂不是等于自己亲手害了一条性命？ 犹豫了下，他马上又被狠狠划了一刀。
CH0064,第64章 宋家庄（八）,crisis,又出现在门前，她的身体从正中被砍成两片，此时还残留着一条细长的血线裂缝。 李顺溪面色瞬间青了。 “啊！！”段蒙安吓得赶紧把还站在身边的那个护卫推开。那护卫也是面色青白，身上散发出一股股腐臭。 宁三满头冷汗，一想到自己刚才居然和一堆死尸睡了这么久，他就心头打颤。 “走吧。”路胜看也不看一群护卫小姐，大步朝着厨房门口走去。
CH0065,第65章 怪异（一）,reward,这个事实后，他再结合大门前留下的脚印，其中只有他们三人和那个李顺溪的脚印，其余人居然一个也没有。 虽然处于黑夜，一片漆黑，但依旧阻挡不了路胜强大的目力留意到这细节。 前后结合一下，他便有了猜测，之后再一一仔细观察，还有闻到龚如清等人身上的气味，极其稀薄的淡淡气味，和那小女孩宋云娟身上一模一样。 结果自然便八九不离十了。
CH0066,第66章 怪异（二）,question,异的目光看着路胜。“虽然有不少阳性内功，练到高处都能伤到鬼物，但那是低级鬼物，而且打中几十下能消灭掉一头鬼物，就算不错了。像尸魄这样的鬼物中也算棘手的角色，居然被路兄双掌数十招内打得融化成黑水。李某还是第一次见。” 路胜也有些奇了。 “或许是我所练的功法阳性极强？” “敢问路兄，你练的内功是什么名字？”李顺溪好奇问道。
CH0067,第67章 选择（一）,reversal,本就是为了找更强者学习交流，他公孙张兰什么时候打算和我打一场，倒是遂我的意了。”路胜毫不在乎。 “你果真和其他人不同……”老帮主洪明资笑道，“路兄弟实力非凡，我听欧阳长老他们说起过了。不过大家都是一个帮的，抬头不见低头见，没必要弄得这么僵。” “既然老帮主发话，若是和那公孙张兰动手，我便给他留点颜面好了。”路胜随意道。
CH0068,第68章 选择（二）,reversal,代师收徒。 其实洪明资也想过是否要自己收徒，可和路胜交过手之后，感觉两人之间功力相差不太大，他才心中感慨，知道以自己的实力，要当路胜师傅还是有些勉强了。 但看着这一位良才美玉，他又担心其以后又会为了其他武学离开赤鲸帮。 路胜能够因为武学加入赤鲸帮，一旦以后遇到更强武功，未尝不会因此离开。 所以他便想来想去，想出这一招。
CH0069,第69章 融合（一）,crisis,，撞翻身后数名壮汉，在地上滑出十多米，才缓缓停下。 连惨叫都没来得及发出声，她整个人便奄奄一息，躺在地上嘴里不断冒着血。 路胜站在原地，看了眼公孙静一起的两侧壮汉，这几人吓得浑身一抖，赶紧让开低头。 “公孙张兰那老家伙老是避开不和我打，这下看他还有什么理由龟缩不出！” 一阵大笑后，路胜带着段蒙安宁三一众人骑马扬长而去。
CH0070,第70章 融合（二）,reversal,气，全部被转化成了新内功的内气，其内气总量，在体内激荡不已，雄浑异常。 “既然是融合了两者特点，那么新功法就叫，阴阳玉鹤功吧。”路胜迅速给其命名。 新的阴阳玉鹤功，已经远远不是以前玉鹤功那种低级养生功，而是提升成了路胜也无法预料效果的高级养生功。 融合了多门内功的优点特色，这门新内功刚刚转化完毕，便让路胜感觉到了不同。
CH0071,第71章 约战（一）,reversal,乎九成的硬功，都要特制的药汤药丸辅助，而没有这方面的技术，路胜根本不敢将这等关系自家修为性命的关键，交给他人处理。就算是赤阳丹，他也找过医者询问成分。之后还拿兔子尝试过。 所以所有需要辅助药材的硬功都被他略掉。 硬功只有两个书架，一共十五本册子，这便是赤鲸帮收集的全部积累，其中通力境到通意境的都有，但更上的凝神就没了。
CH0072,第72章 约战（二）,crisis,上一踩，一股巨大的力道以他为中心，朝着身后船体蔓延出去，坚硬的甲板一瞬间仿佛泛起波浪涟漪。 他整个人如同炮弹飞射出去，双眼闪动兴奋的火花，轰然朝着前方沙滩射去。 那里，站着的公孙张兰后撤躬身，双掌虚合，浑身须发浮动，一股股肌肉筋膜不断发出弓弦般闷响，汇聚大量内劲在双掌之上。 他望着急速射来的路胜，眼底流露出冰冷的杀意。
CH0073,第73章 约战（三）,crisis,了不止一倍。 巨大的力量带动刀刃爆发出震耳欲聋的空气炸裂声。 路胜这一刀，比起之前的所有刀招，强到几乎不像是一个人使的。 公孙张兰只感觉眼皮一片针刺般疼痛，刀刃太快，以至于在他眼中只留下一道残影。 来不及多想，他本能的抬枪挡在身前，枪尖抖动出朵朵枪花。 轰！！！ 刀枪撞击，发出的不是金属交击，而是内劲剧烈的爆炸震荡声。
CH0074,第74章 约战（四）,crisis,。 “是，老大。”宁三赶紧恭敬道，见识了路胜发狂般打死公孙张兰，他对自家老大的敬仰又更一步提升。不过不知不觉间，他又把称呼改成了老大而不是公子。 “说了多少遍，叫我公子！”路胜顿时不满了。 “是是是……公子……”宁三脑门有点冒汗。 一旁的边宿两人面色怪异，想笑但怎么也不敢笑。 路胜懒得搭理几人，下了船去找老帮主两人了。
CH0075,第75章 家事（一）,reversal,青脸肿走出去也是丢人不是？ “城里分舵里有名有姓的大力士都叫过来了，可大伙都不行了……”段蒙安无奈诉苦道。 路胜也有些不爽，他修习这个九江铁索功已经半个月了，但还是没真正入门。 这门硬功走的是用钝器大力捶打身躯的路子。刚开始找来不少大力士捶打身体，效果好像还行，但现在还差一点入门练到入门时，却发现所谓的大力士不够用了。
CH0076,第76章 家事（二）,question,争风吃醋。反正不是安静的主儿，到了这沿山城居然没动静，也让路胜颇为意外。 “巧儿倒是听过五小姐的事……”巧儿有些迟疑道。 “她现在怎么样？我记得家里也给她安排了一间书店作为收入生活吧？”路胜问。 “是……巧儿前不久去买香料时，还在旧唐园那边的街面上见过五小姐。”巧儿声音越来越小，“当时看到她和一个书生公子走在一起……”
CH0077,第77章 家事（三）,crisis,非是婴儿，否则成年人哪里能那么容易杜绝杂念，澄空内心。 可让路胜想不到的是，宋振国端坐下来不过半炷香功夫，居然真的安安静静入了定。 虽然这养生功入门很容易，号称一天就能有气感，但这入定速度未免也太快了吧？ 要知道一旦入了定，很快就容易有气感。 “路师，我感觉有一股细线在胸腹处来回循环自然流动。”刚想完，宋振国便开口了。
CH0078,第78章 家事（四）,reversal,而是转移话题。 “天色不早了，我们最好找个地方休息一晚，不然就在这荒郊野外，夜晚的寒露可不是闹着玩的。” “恩，赵叔你看那里，是不是有个村子？”路全安忽然朝着远处右侧指了指。 赵伯跟着望过去，只见墨绿色的山峦之间，官道边上，孤零零的有着一片土墙平房，似乎是个村落。只是看起来有些荒凉破落。 “过去看看，花点钱借助一宿。”
CH0079,第79章 古村（一）,reversal,振翅欲飞的凤凰。 “……”路胜心头瞬间卧槽了下。 无数似曾相似的画面在脑海中不断飞掠，但那些画面里都是男的向女的求婚，而让他没想到的是，陈芸熙这么一个大美女，居然主动到这个份上，专门定制了这么一枚精致的白玉扳指，向他求亲。 心头无奈了下，路胜还是冷静下来。 “抱歉，我给不了你想要的生活。”他轻轻将首饰盒合上，推了回去。
CH0080,第80章 古村（二）,reversal,恐惧。他心跳得厉害，但怎么也止不住双腿，缓缓朝着那人靠近过去。 “你……你到底……” 哧！ 灯火缓缓被点燃，亮起淡黄色光亮。 “尘心？尘心？” 土屋内路天洋缓缓放下手里的打火石，借着油灯灯光看了看土屋内，天色都微微亮了，路尘心居然没在屋子里。 “这小子，又跑到哪去了？难不成是偷偷和秀秀胡搞了？”他揉了揉眼睛，打个呵欠。
CH0081,第81章 麻烦（一）,question,安等车马缓缓驶离后，快到正午时分时，这官道边的村子又迎来一个客人。 灰蒙蒙的天色下，一匹通体没有杂色的黑马，缓步走进小村子。 马上骑着一名气质温和，面带微笑的年轻公子。 “就是这里吗？”这公子脸上微笑不变，仿佛僵硬了一般，始终一个模样。 他一身青衫，手无寸铁，身上也没有悬挂任何兵刃，只有腰间系了一块墨绿翡翠，简洁朴素。
CH0082,第82章 麻烦（二）,crisis,持不住，慢慢降低速度。 而前面官道上，路家的车队也远远浮现在视野中，里面人群似乎显得有些乱。 路胜松了口气，抖了抖缰绳，加快速度走过去。但还没走近，他一眼便看到，其中一辆马车上，居然挂着一个大红灯笼。 马车进出的车门上，挂着一个血红色的大灯笼，而透过车窗可以看到，里面隐约还挂了两个一样的红灯笼。 路胜的眼神一下凝固了。
CH0083,第83章 麻烦（三）,crisis,极心法产生的高热，很快便将丝带烫得收缩焦掉。 噗。他狠狠将丝带扯断，往前一个翻滚，远离车厢。 刚刚站起身，又是一个红灯笼撞上来。 嘭！ 路胜一口逆血涌上喉头，顺着嘴角流出来，他连退数步，周身热气滚滚，刀刃和双手都全是滚烫内气。 左右看看，还是没找到人。 “怎么？这就没招了？”他笑了起来，指着自己额头，“来，朝这儿打。”
CH0084,第84章 麻烦（四）,crisis,也不下马，他脸色极差，没半点血色，经过时老爹路全安他们还没看清楚是他，便很快消失在前面官道上。 一路上路胜又仔细观察了两侧，强撑着剧痛，确定了车队后面的路还算安全，一直到了沿山城，他安排帮众前去接应家中车队，才由玉莲子扶着进了城外的金玉花房。 这里现在已经成了路胜半个据点，还雇了工匠开始在这儿重新建一栋阁楼，方便休息。
CH0085,第85章 秘闻（一）,crisis,着，我可以用阴气代替消耗，直接提升武学！”路胜忽然想到这点，双眼一亮。 如果这个猜想真的能成真，那么就代表着阴气不光可以推演武学，还能用来直接提升武学境界。 “深蓝！”他迅速叫出修改器。 淡蓝色方框唰的一下出现在他眼前。 路胜视线迅速定位在了其中的赤极心法上。 “赤极心法：第五层，特效：强化火毒，双重震荡，强化引燃。”
CH0086,第86章 秘闻（二）,crisis,这就是武道的极致。但就算这样，也不可能。” “而达到这样的层次，师兄也曾猜测过，这拘力是不是力量实力达到一定程度后，自然而然产生的自然反应。但后来发现不是。”洪明资眯起眼睛，“这拘力，不光有毒性，还是一种隔绝保护力量，它就像是一层鸡蛋壳，将那些不死的存在包裹得严严实实，不打破它，甚至连伤都伤不到他们。更别说破不死身。”
CH0087,第87章 提升（一）,crisis,慨。 “希望这次善宝堂能有好收获吧。” 他这次出来，一部分是自己亲自买酒，出来活动下散散心。另一方面，是沿山城内的最大古玩店善宝堂，通知他有一批灰货刚到，请他前去挑选。 善宝堂是沿山城内一帮二会三门中涉林会的产业。 涉林会和赤鲸帮关系还行，在之前路胜便通知了他们，说自己想要一些从墓葬里发掘出来的物件，那边果断便留意了。
CH0088,第88章 提升（二）,crisis,晚可以将路尘心的尸首拉回来了，时间到了吧？”他忽然想起来问。 “到了。”玉莲子点头，不知道怎么的，他此刻看路胜，总感觉和之前比换了个人似的。 如果说之前像是猛兽一般让人感觉危险，那么此时的外首，气息更浑厚，厚重，给人一种更加稳固和山一般的沉静。 “那就先送到这儿来，我亲自送回去。”路胜吩咐。无论如何，家里都要一个交代。
CH0089,第89章 安排（一）,question,，又是入了赤日门，是他的师弟，为人个性也都有迹可循，洪明资有心提点，也很正常。 这是把他当真正的亲近之人对待。 “甄家不稳……若是真要做好打算，该怎么做？”路胜心中有些阴沉。 北地是甄家在扛着对抗怪异妖魔鬼怪的大旗，他们享有整个北地大量的资源供给，也为北地提供安定。 而一旦这个巨大的保护伞出问题，随之而来的麻烦就大了。
CH0090,第90章 安排（二）,crisis,理解了老爹的苦处。 九连城上次爆炸后，元气大伤，现在根本回复不过来，这让依附于九连城的路家元气大伤，再这样下去怕是要家道中落，所以他才下决心要搬迁。 “既然来了，就先定下来。老爹想好要入手哪一行了吗？”他细问。自己身为赤鲸帮高层，有权不用过期作废，自然能照顾家里的，就要尽量照顾。 “先看看吧，还没头绪。”路全安无奈道。
CH0091,第91章 姐妹（一）,crisis,被打得滚出去。 “外首，该用膳了。”宁三在一旁恭敬道。 “恩。”路胜点头，九江铁索功入门了，他打算一会儿回房，便开始直接用修改器修改这门硬功试试，有阴阳玉鹤功做底，应该问题不大。这种通力层次的外功，就算硬功消耗都大，但因为层次低，不大可能太变态。 他修习这个的目的，也是因为九江铁索功好歹也是防御武学，关键时刻可以保命。
CH0092,第92章 姐妹（二）,reversal,我们也不绕弯子了。”柳琴出声道。声音里带着一丝如释重负。 “原本一直以来，我们都以为只有我们能对付鬼魂，没想到现在，终于遇到路公子这般的高人！” 路胜听得云里雾里，莫名其妙。 “你们从头开始说说。我怎么越听越糊涂了？” “那好，我们给您从头说起。”柳琴认真道。 她仔细回忆起最开始的时候，眼里慢慢多了一丝温柔和一丝痛苦。
CH0093,第93章 身世（一）,reversal,够的药液辅助，消耗还是可以降低到短时间连续提升的地步。” 他仔细感受着皮肤表面和表层肌肉自然流转着的一丝丝酥麻感。这就是九江铁索功的内气，它不走内腑，而是就在皮肤和表层的肌肉里游动循环，形成一张如同铁索一样的缠绕在身体表面的网络，遇到外在打击时，特别是对钝器的防护，非常有效。 而熊搏手是对锐器的防护不错，两者正好结合。
CH0094,第94章 身世（二）,crisis,无语。 路胜笑着没回话，两人一路前行，很快出了兵器库，在侧面进了一个大房间。 房间四面都是石墙，中间摆了一个结实的木头人偶，上边扎捆了一些稻草谷杆。 “这是铿木，硬度很高，也坚韧，你试试。”段长老指着木头人偶道。“你要是能砍断，我倒贴你二十两！” 路胜握着两把杀猪刀，走到人偶面前，嘴角微微勾起一丝狰狞笑容。 “当真？”
CH0095,第95章 任务（一）,crisis,一招应该是某个连招里的一式，要知道，一个招式，是要包含能应付很多种情况的变招才行的。而你们偷学的只是一个变招而已，这是只适用于一些特殊情况才能用。”路胜微笑解释道。 “原来如此……”两姐妹顿时都露出恍然之色。一直以来，她们都感觉自己练习的招式有些问题，却不知道是什么地方出了问题。现在一听路胜解释，顿时都察觉了问题所在。
CH0096,第96章 任务（二）,crisis,意，放下刀，又朝着中央卧房走去。 当初他来这里时，那怪异小女孩便是一直住在主卧房里。这庄子里还养了尸魄和一大帮子鬼物。 现在被甄家人扫荡后，或许能找到一些阴气还没散掉的东西物事。 嘭的一脚，踹开主卧房木门，路胜缓步捂着鼻子躲避灰尘，走进卧房。 地上横七竖八的躺了不少空衣服，还有很多像是骨灰一样的灰白粉末，撒得到处都是。
CH0097,第97章 交易（一）,crisis,西，我才用扇的，没想到扇了三次你才动不了。” “你……到底是什么人！？”卓文宇咬牙切齿道。她不相信普通人会有能力将她从妖灵附体状态下打散出来。 “我就是个普通人，你倒是说说看你是什么人？这个什么灵妖附体是个什么玩意。”路胜第一次见到卓文宇这样的异类，感觉很有兴趣。 “你不知道我们？”卓文宇顿时一怔，满面带血不可思议道。
CH0098,第98章 交易（二）,crisis,念。 “是。” 对话框眨眼消失。 确定推演后，那种奇妙的感觉又出现了，路胜能够明显感觉到，在修改器里的所有方框中的武学，都可以进行推演融合。 他第一时间看向赤极心法。 “赤极心法：第七层。特效：血网。强化火毒，六重震荡，强化引燃。”后面果然多了一个可以推演的按钮。 深吸一口气，路胜满怀期待，意念在那个按钮上轻轻按下去。
CH0099,第99章 无忧王（一）,crisis,头醉死在酒坊。却没想到，遇到了之前一面之缘的路胜。 而更让他想不到的是，这个才和自己见过一次面的陌生人，居然丝毫没有送自己报官的意思，要知道他现在身体亏空，虚弱无比，又醉得浑身无力，若是真要报官，现在便是最好时机，抓起他直接去衙门就行，那里还贴着通缉他的海报公示。 可路胜居然没这么做，而是说有什么能帮得上忙的，尽管提。
CH0100,第100章 无忧王（二）,reward,冲抵消了，但路胜体内的所有内力，也终于彻底消耗干净了。 第八个瓷瓶捏在手里，他终究没有继续倒出来。 “七个瓷瓶的毒素，我都能完全抵抗住。快了……快了……还差一点点……”路胜心头有些澎湃，满头汗水。 估计再提升一层内功，他就能突破达到拘力层次。 这虽然是世家和怪异们最低的基础层次，但却是这个世界凡人和超凡之间最大的界限。
CH0101,第101章 逼近（一）,question,初自己给这东西定义的名字，实际上这股气息到底是什么，他也不知道。 两人在树下重新交换了下下次新的交易时间、地点，然后卓文宇匆匆离开。路胜也迅速朝着来路返回。 他需要再去一趟老帮主那里，必须仔细从洪明资那里询问清楚，最近甄家的情况到底如何。 最近红坊和甄家的局势越来越扑朔迷离。特别是甄家的动作似乎有些太安静了，有些不对。
CH0102,第102章 逼近（二）,reversal,消耗更大。 路胜打算，最好能先把保命效果很好的九江铁索功之类的硬功，提高到提无可提的顶点。 他打算将能找到的所有硬功，若是条件允许，全部融合为一体，推演出一门最强的硬功。 同时那些冲突性质的，最好是把能修炼的都修了。反正有修改器在身，硬功这种东西怎么叠加都可以。 只要有足够阴气，他就能源源不断的修成各式各样的不同硬功。
CH0103,第103章 逼近（三）,crisis,的行走。 因为距离远了看不清，渔民便有人好奇，靠近查看。却不想因此接连失踪了七八人。引得了当地乡绅的注意。在自己调查无果之下，乡绅迅速上报，层层传递，失踪的人越来越多，最后才到了沿山城。 “一般这类失踪事件性质，都是极其恶劣了才会传到沿山城，一般的案子，下面的人也都能自己处理。只有实在没办法才会层层上报。”宁三低声道。
CH0104,第104章 逼近（四）,crisis,都不敢上前。 路胜是帮中第三把交椅，实力强悍，性情狂暴，在船前就敢当着所有人的面打死副帮主的女儿了，也因此凶名远播。 匆匆推开小花园的铁门，路胜一眼便看到站在黄色灯笼下的洪明资。 这位当下的赤鲸帮帮主，赤日门门主，回过头两眼木然，整个人仿佛老了许多许多。 他开口的第一句话，便让路胜勃然变色。 “师弟，甄家……逃了……”
CH0105,第105章 混乱（一）,crisis, “不是没什么大火吗？怎么又有烧伤伤者了？可见有变化门的门主？”路胜又问。 “额……小的也不清楚，不过好像说是，召集令大火点燃后，不小心蔓延到了总部房屋。”那侍卫顿时停顿了下，小声道，“听说连门主在大火里被活活烧死……尸骨都分不清，和房屋木梁灰什么的混在一起，惨得不行……”他口音似乎不是本地沿山人，尾音带着浓浓的上翘。
CH0106,第106章 混乱（二）,reversal,子，这事就算一切顺利，王家也认账，可嫁过去后的芸熙，也必定因此遭受屈辱，加上又是妾室身份……日后的生活绝对艰难无比。 想到这，陈道早终究叹了口气。 “去吧，去吧，不过千万别意气用事……不要冲动，否则我陈家真的……”他叹气道，转身离开，不再多言。 陈芸熙看着父亲离开走出房门，她终于再也忍不住，蹲下身，眼泪顺着脸颊滑下来。
CH0107,第107章 混乱（三）,crisis,一群壮汉一拥而上，狠狠将大惊失色的王顺勇按倒在地，便是一顿毒打，沙锅大的拳头雨点般砸下去。 啊！啊啊！！！ 王顺勇当场被打倒在地，被一群壮汉轮着狂揍。 边上陈家陈道早和陈芸熙都看傻了，还有一众的家丁和护院，想要上去拉架，可对方分出几个人来，便将陈家所谓的高手压住。 通力层次的武师们一看这架势，更是头也不敢抬，默不作声。
CH0108,第108章 混乱（四）,crisis,问我，你自己处理就行。”路胜摆摆手随意道。 “是。”玉莲子无奈退下。最两人都没提总兵的背景。 对于现在的赤鲸帮来说，凡俗的力量，或许有点用，但比起红坊根本不值一提。 凝神级别的高手，一旦动手，没有强力军弩之类的大杀器，百八十人根本挡不住。更何况路胜这般的赤鲸帮大佬，手底下上千帮众，都是按照军事化训练，背后还有世家背景。
CH0109,第109章 蜕变（一）,crisis,也是点头：“大火燃起，就算是通力层次的高手，只要轻功不错，都能轻易冲出去，别说更强的通意和凝神层面了。除非围堵在密室内出不去，活活闷死还差不多。” “那不可能！”张远东摇头，“别人或许不清楚，但我曾和变化门主交过手，他身上暗藏了一把极锋利的利器短匕，就藏在其剑柄内，削金断铁轻而易举，有什么密室能挡得住这样的神兵利器？”
CH0110,第110章 蜕变（二）,crisis,起来很是结实，但却没了之前那种骇人听闻的肉山一般的非人感。 仿佛把一大坨肉硬生生挤压捏成一小块。 站在院子中央良久，路胜睁开眼，看着自己瘦下的双手，嘴角微微勾起。 嘭！！ 他猛地一捏手掌，五指瞬间捏爆空气，发出闷雷一般的炸响。 看着宛如金铁的双手，感受着身上远比之前强大太多太多的恐怖力量，路胜终于忍不住，仰天狂笑起来。
CH0111,第111章 恶意（一）,question,路胜心头一凛，若是甄家的事被传出去，朝廷的态度就难以确定了。 至于其他人，都不入眼，一概略过。 “哦，是赤鲸帮的路外首到了。”知府李真意微笑道，“来人，看座。” 路胜大踏步走进大堂，在左侧空出来的中间一张座椅上坐下。 他代表的是赤鲸帮，而赤鲸帮乃是北地黑灰两道的龙头，所以他的位置自然不会低。但也不会太高，毕竟不是官身。
CH0112,第112章 恶意（二）,open,精致肩甲几次放戴在他左肩，都滑了下来。 咔嚓！！ 第三次脆响，大殿门终于缓缓打开了…… 整个大殿上的众人如同被捏着喉咙一般，瞬间静寂无声。 嘻嘻嘻嘻…… 一阵女子尖锐怪异的笑声，从黑漆漆的门缝处传出来。 啪。 路胜伸手抓住司仪手掌，将火红色的肩甲，稳稳按在自己肩上。 看着门缝处缓缓踩进来的一只红鞋，他缓缓从宝座上起身。
CH0113,第113章 交手（一）,reversal,身边扶着他的是陈鹰，两人都不知道该用什么态度看待现在的路胜。 “现在，该怎么办？”陈鹰张了张嘴，望着路胜，勉强压住震动的心神，沉声问。 “外面可不止有这么一个鬼物。”路胜活动了下身体，转身朝着大门外走U去。 “走吧，出去看看。” 他双手按在大门上，狠狠一推。 隆…… 铁质的大门缓缓被推动，露出外面一片宽阔的灰褐色甲板。
CH0114,第114章 交手（二）,crisis,剩下一个个大小不一的坑洞。 内务使们迅速发挥作用，指挥众人整理现场。 路胜看着眼前的狼藉一片，心头若有所思。 “甄家既然放弃了我们，我们也不用讲什么仁义忠心，师兄，陈鹰，麻烦你们去安排下吧，明日我们去拜访城内的其他势力代表。重新打通一条路。” 在红坊一时间无法覆灭赤鲸的前提下，路胜为赤鲸帮争得了一份可能扭转局面的机会。
CH0115,第115章 转投（上）,question,笔法龙飞凤舞，苍劲有力，应该是大家所写。 “我先去红坊！”上阳九礼转身不等几人回话，便轻轻一跃，转眼便消失在亭外。 路胜视线才从石牌上挪开，便看不到上阳九礼的身影了。 “路帮主果真不凡。”上阳九礼一走，萧红叶便笑着对路胜道。“居然在什么都不清楚的情况下，做出了对赤鲸帮最好的选择。” “哦？萧员外何出此言？”路胜挑眉道。
CH0116,第116章 转投（下）,crisis,担任帮主之位了，但依旧是路胜师兄，赤日门高手，说话还是有很高的影响力。 “师兄所言极是，是该清点一下帮中情况。”路胜点头。 只等上阳九礼确定了红坊那边的情况，他便打算好好掌握整个赤鲸帮，处理善后之事，这趟虽然被错认成世家子弟血脉，但却得知了不少隐秘情报，他需要好好消化一下。 最珍贵的，便是对自己在世家子弟中的实力定位。
CH0117,第117章 平稳（一）,question,大笔钱，又开了不少店面，直接干起了药材生意。 北地正好不少药材货物囤积，能运出去的都是极少，价格暴跌，便被路家大量收购。而赤鲸帮需要药材缺口很大，路胜便暗中稍微分润了些生意给路家，算是发展不错。 路胜乘着马车在城中行进了一阵后，很快回到路府。 马上便有小厮上前迎接。 “大公子回来了啊！” “家主呢？”路胜下车随口问道。
CH0118,第118章 平稳（二）,crisis,时间，仿佛黑膜根本不存在一般，便被路胜用蛮力彻底破掉。没了黑膜，便没了不死身。 最重要的是，凌峰死就死了，可死得太快，以至于他们根本没看清楚路胜的底细，就完了。 “路帮主……当真是北地第一高手，嚯嚯嚯……”萧红叶怪笑几声，打破尴尬。 “这话说说就行，真要传出去不被笑掉大牙。”路胜谦虚道，收回手，在凌峰衣服上擦了擦污物。
CH0119,第119章 解决（一）,crisis,应有限，基本不外送，不过老弟自然和其他人不同，你我一见如故，这点小东西，不值一提。” “那便多谢老哥了。”路胜抱拳笑道。 他回想起当初看到的甄意，脑袋都被划开成两块，居然还不死，还能恢复。又联想起之前见到的伞女和凌峰。 他交手过的拘层次的对手，只有三个，但前两者都近乎不死。凌峰却是一下便被干掉，他也有些摸不清其中规律。
CH0120,第120章 解决（二）,crisis,别说普通鬼物。稍微小心些，纵横北地应该没问题。 “既然帮主亲自出手，必定马到成功。”玉莲子松了口气。“这案子，我看到时也有些犹豫，不知道该划分到哪一级。” “给我看看。”路胜淡淡道。 玉莲子上前，很快在案台上找出了一份折叠好的黄纸，轻轻展开。 路胜接过来看了看，纸面上开头的三个词，顿时印入眼中。 “茶帮，药师，琉璃镜”
CH0121,第121章 琉璃镜（一）,crisis,。地址是东六街圣茗坊。” “是。”徐吹应道，赶着马车一边侧目数着街边建筑物上的路径牌号。 没走出多远，两人拐了两次街道，便看到有戴着白色头巾的精瘦汉子迎上来。 “敢问可是赤鲸帮使者大驾？”一个国字脸的汉子上前恭声问。 “你们是？”徐吹问。 “我们是茶帮董琪大小姐派来迎接上使的专人，还请上使往这边走。”这汉子笑脸相迎道。
CH0122,第122章 琉璃镜（二）,crisis,，帮里大部分人都隐隐只听药师的了，现在形势变得极其诡异，她好不容易利用职权，派人给赤鲸帮送了信。 就这等情形下，自然不可能有药师房间的钥匙。 “那就等那人来了来。”路胜自然不会只听董琪的一面之词，这种调查，自然是要多方考证才行。否则万一董琪也有问题，栽赃陷害药师或者帮中其他人，他不考证就直接动手，那不是完全弄错对象了。
CH0123,第123章 镜子（一）,question,或许，凶多吉少了吧……”董琪小口小口的喘着气，就算是重新回忆那梦的内容，也感觉呼吸困难。 “走，回去看看那镜子。”路胜站起身，将茶水一饮而尽。 三人一起朝书房方向走去。 书房门口董琪安排了两个汉子守着，不让任何人靠近。看到他们过来，两人赶紧点头哈腰的凑上来。 “上使，大小姐，你们来了啊，东西就在里面，绝对没人进去过。”
CH0124,第124章 镜子（二）,crisis,屠灵！！” 轰隆！！ 刀刃再度砸在镜子里的那只手臂上，发出巨响，手臂咔嚓一下当场折断，镜面嘭的一下碎裂被砸穿，整个上百斤的镜子底座腾空到飞起来，狠狠撞在后面墙上。 大量炽热内气涌入镜座，一道幽蓝影子立马从镜面被砸飞出来，在半空中惨叫一声，想朝外逃窜。 但马上被路胜当空一刀追上去。 噗嗤！ 影子彻底炸开，消失得无影无踪。
CH0125,第125章 镜子（三）,crisis,清的稻田里的？” 那声音低沉着一次次问。 “我……我只是想有人陪我玩……”一个怯生生，柔柔弱弱的女孩声音慢慢响起。 “进去吧……进了这面镜子，就会永远有人陪你玩了。”那声音低沉中带着一丝诱惑。 轰！！！ 刹那间一大团红光炸开，路胜周围方圆十数米，彻底化为一片火海。大量稻草堆被点燃，火焰噼啪燃烧起来，浓烟滚滚，灰屑乱飞。
CH0126,第126章 镜子（四）,reward,一千两白银，在前世时换算出来就是一百万人民币。 “果然搞茶的都是富得流油。”路胜很清楚，越是这样的乡下小地方，天高皇帝远，可以抠的利润远比管辖得严苛的大城多得多。像这般不出名但有钱的帮派，在北地都不在少数，更别说其余地区。 特别是茶帮还背靠飞廉军，军中也有监察司高手，算是白风老道的统辖，安全性上不比赤鲸帮这边的商路差。
CH0127,第127章 交易（一）,reversal,祭，必定不会出任何意外。” “这个自然。”萧红叶附和道。 “好了，萧使者你下去吧，东西放下，你的意思，我知道了。”主祭淡淡道。 “多谢主祭。”萧红叶赶紧低头弯腰行了一礼，然后将东西交给黑老，这才缓缓离开。 等到他出了正堂，不多时离开大门外。 白静才扭头看向主祭。 “大人，这萧红叶还是很识体嘛，我们一来便主动上门交权。”
CH0128,第128章 交易（二）,reward,物怪异，但已经有了逃生本钱。不会如以前那般命运交由他人。 “横竖不过是几千斤粮食，我要换这门千树焚心掌。应该正好和我的赤极心法相性相合。”路胜将册子还给李顺溪。 “其实还有功夫可以提供，不过这几门算是最便宜的，其余很多都需要严苛的修习条件。”李顺溪回道，“既然如此，那么我们约好时间地点，到期交换。” “好！”路胜点头。
CH0129,第129章 交易（三）,crisis,隐隐泛起朱砂般通红色，笔直走向老人。 “哦？原来是当代赤鲸帮主亲至。”那驼背老人似乎感应到了什么眼神终于微变，正色看向路胜。 “来之前便听说路帮主一身玄功威猛无敌，乃北地第一高手，今日倒是想见识见识。” “等我打死你，就不会再想见识了。”路胜手臂急速膨胀起来，破心掌力被赤极九煞功的内气催运，周围迅速萦绕起丝丝灼烧内气。
CH0130,第130章 交易（四）,crisis,匹，几乎敢说是前无古人后无来者，毫无破绽。 这等情况下，赤极九煞功多余的内气也只能在其体内不断挤压越来越多，越来越厚。 巨大的压力使得路胜浑身血管慢慢鼓起，如同一根根青紫色钢索缠在身上。 剧烈的痛苦让路胜双目睁大，浑身发颤。汗水大片大片的渗出又迅速蒸发。 他两侧太阳穴上的肌肉，此时居然也慢慢鼓起来，如同突出的两只犄角。
CH0131,第131章 交易（五）,crisis,势力都能堂而皇之的上位掌权，血派世家们还有什么事做不出来？”那陈大哥正色握拳道。 “总会有契机的。”秦无面微微摇头。“不过赤鲸帮内我们武盟的那位老前辈，顺溪你这趟去是否见到了？” 李顺溪微微点头：“见到了，那位前辈没和我说话，只是给了我一个圆筒，让我回来再打开。” 他缓缓从袖中，将一个拳头粗细的竹筒取出来，递给秦无面。
CH0132,第132章 交易（六）,reward,学修为上。 “硬功是容器，内力是容器中的水，内气液化后，只有不断增强增大容器，才能容纳更多更强的内气。我必须未雨绸缪，先行收集硬功起来。以防以后液化内气也容纳不下时，身体无法得到提升。再度出现修为停滞情况。” “准备完毕。” “准备完毕！” “准备完毕！” 牛车边上的帮众此时纷纷出声，路胜见状，缓缓扬起手。 “出发！”
CH0133,第133章 交易（七）,crisis,念有词，仔细的盯着路胜身上每一处的非人变化。 “你是说，此人，是靠的武功？！用武功把一个地域使活活砍死？？！”钟云袖在一旁不敢置信道。 “此人才是天才！古今往来没有人能超越的最强天才！！这世上居然真的能有人将如此多的硬功全部推演至大成！！？哈哈哈哈！！武道有望！武道有望！！”张武牙几乎有些手舞足蹈起来。兴奋得无以复加。
CH0134,第134章 交易（八）,crisis,有着自己独有的特殊能力。 根本防不胜防。难以磨杀。 只要力量本质没有上升到破坏黑膜的层次，无论怎么毁掉他们的肉身，都能迅速恢复。 而破坏黑膜，除了用更强的黑膜抵消，便再没他法。 黑膜，并不只是表面的那层防御毒性层，它更多的是贯穿整个身体每一处的一种无形之力，不破坏掉这股力量，无论怎么杀，都只是在破坏表层，核心依旧还在。
CH0135,第135章 返回（一）,crisis, 主祭身影疾闪，鬼魅般跟上，狠狠一棍朝着土龙正中砸去。 轰！！！ 散开的土石瞬间被撕开，一双青灰色大手稳稳架住熟铜棍。手棍相接处炸开一层薄薄白灰，彻底将周围土石炸散。 “正好我也看你不顺眼很久了……来吧，好好厮杀一场！”路胜巨大狰狞的阳极态身躯缓缓显露出来，高达近三米的他，和主祭两人面对面站立，全然都没了人类正常模样。
CH0136,第136章 返回（二）,crisis,此地，朝着赤鲸号方向回去。 一路狂奔，约莫花了半个时辰的功夫，路胜回到赤鲸号，进入静室关闭大门后，终于再也忍不住。 嘭！ 他两眼一黑，往前扑倒在地。 他太累了。 也太痛了。 引爆了一滴气液后，他又引爆了剩余的两滴气液，一起爆开。就算是硬功大成的肉身，也终于承受不住，再加上和主祭的疯狂厮杀，能撑到现在回来已经是个奇迹了。
CH0137,第137章 疗伤（一）,reversal,只是来占个名，根本不可能调集高手入北地。上阳九礼这般天才留在这里，也不过是个意外。 唰的一下，修改器的淡蓝方框浮现在路胜眼前。 他视线迅速落在了其中的阴阳玉鹤功上。 这一看，他赫然才发现，自己的阴阳玉鹤功居然只有四层。到现在为止，赤极九煞功都已经内气液化，到了第九层，而这门最初他极其倚重的养生内功集合体，居然才第四层。
CH0138,第138章 疗伤（二）,crisis,和温暖，没有任何不适。 “算了，接下来好好养伤。先暂时不动，等伤势痊愈后，再用剩下的部分阴气提升，看来阳气过重的弊端硬功得到缓解了。之后只要一直同步提高阴阳玉鹤宝瓶气就行。”他暂时不去多想，先恢复伤势要紧。他可不相信，无忧府死了这么多主力，会一点动静也没。 想必很快便会有人发现他在晚上前往东山山脚的动作，派人前来问询。
CH0139,第139章 疗伤（三）,crisis,绝对不能露怯，一旦被发现他重伤不能动手，那时候面临的麻烦更大！ 他环顾四周，在这里动手，以对方的性子，怕是要大开杀戒，到时候整个赤鲸帮都可能彻底毁于一旦。他现在的实力可挡不住此人。 “此事，我确实不知道，不过此地不是说话的地方，你我换个地儿细说。”路胜低沉道，黑老一进门只伤不杀，显然还没打算彻底和上阳家翻脸。 “好。”
CH0140,第140章 疗伤（四）,crisis,阳九礼一见此物，顿时双目一亮。赶紧一把从路胜手里抢过来。 “不错不错，你做得很好！以后再有这等物事，一定要第一时间记得上交！” “大人喜欢就好！”路胜微笑道。“无忧府那边……” “我突破在即，区区一个无忧府，给他们十个胆子动手，他们敢吗？”上阳九礼随意摆摆手。一副完全不顾上阳家大局的神色。 不过路胜就喜欢这种不顾大局。
CH0141,第141章 诗会（一）,reversal,等路胜回话，便逃也似的迅速离开。 留下两人你看我我看你。一时间也不知该说什么。 陈芸熙似乎精心打扮过，一身翠绿的及膝裙。裙摆两侧有细缝，透过缝隙，可以看到一双象牙般细腻逛街的修长双腿，就好似两片布片一前一后挂在身上，只是遮住了最基本的关键部位。 上身黑发披肩，朱玉发簪，一对月白珍珠耳坠微微摇晃，越发的衬托出她清丽秀美。
CH0142,第142章 诗会（二）,crisis,一名老人。 武盟盟主一怒之下，将他囚禁禁闭起来，现在正等待判决，柳琴写信过来，便是请他为李顺溪出面作证，证明他不是凶手。如果可以的话，还请他在有机会时，帮衬一二。李顺溪唯一值得信任的朋友，就只有他了。 但路胜却是从这件事中，闻到了一丝不同寻常的气味。 他缓缓合上信纸，双手一撮，针刺气迸发，瞬间便将信纸搓成一团极细粉末。
CH0143,第143章 风雨欲来（一）,crisis, “哦？师兄的意思是……？”路胜颇为意外的看着洪明资，能够靠自己就能领悟到这个层次的管理学，果真是人老成精。 “交流。”洪明资笑了起来，“我们以前都是找一些其他帮派门派进行交流会武。多找几个，经历得多了，比武多了，他们就能明白，我赤鲸帮不是弱者。不光不弱，而且很强，信心总是来自于成功和胜利，不是吗？”他冲路胜眨了眨眼。
CH0144,第144章 风雨欲来（二）,question,传不传开。 处理好宋振国一事后，路胜的伤势也终于好得差不多了。 交流一事，他在帮中点出了一票高手，一共三十人，都是帮中精锐，长老和新晋的几位外务使，还有从各地舵主副舵主，九鱼层次选拔出来的高手，最差的也是通力顶峰，之后是四位通意层次的高层。 辎重礼物什么的，近卫弟子之类，加起来，足足组了一支小型的商队规模，前往白河帮。
CH0145,第145章 白河（一）,reversal,人不同的，确确实实，白河帮的所有人看似正常，但都身上弥漫着一丝丝怪异气息。 这股气息，路胜也说不清楚是什么。但让他也有些不舒服。 正仔细观察着其他人，忽然路胜看到一名身穿紧身猎装的白色短裙少女，急匆匆的从侧门跑出来，想要朝白镇明过来，却被边上的近卫拦住。 近卫苦笑着和女孩说了些什么，然后又迅速过来在白镇明耳边小声转述。
CH0146,第146章 白河（二）,reversal,白秋玲最感兴趣的。 她热衷于寻找藏品中的自己喜欢的真迹，根本忘了时间。 “太晚了……该走了……”外面不知不觉已经彻底黑了下来，白秋玲不知道自己在暗室里呆了多久。 但知道一旦被爹爹发觉自己进了密室，肯定会大发雷霆。 她吐了吐舌头。 “最后最后，最后再看一样……” 她不舍的扫视一遍暗室，目光很快便被一副很大很大的画卷吸引。
CH0147,第147章 巨灵血（一）,reward,什么。”徐吹皱眉道。 路胜眯了眯眼，忽然想起当初在茶帮时调查的琉璃镜一案，那时候茶帮的人就是这般，黑眼圈，严重休息不足的样子。 “说起来，现在多少时间了？” 徐吹一愣，随即面色微变。 “前几日每隔固定时间就会有更夫打更经过，但是现在一直没听到。” “或许是出了点问题。”路胜缓缓站起身，活动了下筋骨。“走吧，出去看看。”
CH0148,第148章 巨灵血（二）,crisis,断了正在说话的路胜。 他面色一怔，看了看周围都注视着他的帮中高手。 又看了看远处外围，地上正仰躺着的一个帮中汉子，胸前全是血。 “找死！！” 路胜咆哮一声，身形陡然射出。 轰！！！ 出入口的木质大门直接炸开，四分五裂，转瞬间路胜的身影便消失在门内。 “帮主！！”徐吹等人这才反应过来，急忙追出大门，却已经无法找到方向了。
CH0149,第149章 邪玉（一）,crisis,朝周围看去，所有赤鲸帮众居然大半都虔诚跪地，乱七八糟的祈祷着。 “混账！”他心头火起，抽出大砍刀，一刀狠狠砍在身侧山壁上。 轰！！！ 大量碎石被砸得炸开滚落，不少赤鲸帮众被石头打得头破血流，惊叫起来。 “一群废物！都给老子起来！！”路胜怒吼一声。他可不信什么神仙佛陀。 帮众被吓得哆哆嗦嗦起身，但动作还是不由自主的颤抖。
CH0150,第150章 邪玉（二）,crisis,，但这些东西武盟很多，现在武盟乱成一团，盟主失联，路兄你完全可以带人去将武盟的势力接收一部分。另外，你杀了无忧府主祭，若是红坊没发现还好，若是被发现……”李顺溪没说下去。“路兄可前往中原，找一个叫青纵谷的地方。” 路胜微微点头，接过纸，上边是张地图。 “这还是武盟的地形图，路兄可按图找到他们隐居的山谷。”李顺溪低声道。
CH0151,第151章 无忧（一）,question,” “你不会告诉我，两个主祭的魂铃都没了吧……”无忧王寒声道。 昭容低头不语。 边上的叶凌墨沉声道：“王爷，现在的当务之急，是先找到是什么人在针对我无忧府。两位主祭失踪，甚至极可能身陨，这样的损失，在近十年来已经是极少了。主祭没了我们可以再招，但耽误了法祭，就问题极大了。” “不错，现在正是关键时期……”昭容也赞同道。
CH0152,第152章 无忧（二）,reversal,胜点头。“我先去看看莹莹和依依。”他起身离席。 “我也去！”路天洋边上的张秀秀忽然起身，赶紧也跟上去。 另外又有好几个小辈都起身，跟着路胜一起离席。 如今的路胜是路家主心骨，自然不少人想要攀附。 而老一辈的人则是纷纷和路全安靠拢，他们的辈分去讨好路胜自然不合适，但和路全安走得近一些也没人会说闲话。儿子总不可能不认老子。
CH0153,第153章 到来（一）,reversal,好家伙，还好老子准备周全！”上青龙落地后骂骂咧咧赶过去，“差点就被这小子逃掉。” 杨云度跌落地上，脸色颓然，被困在大网里动弹不得，委顿在地。 上青龙走过去忍不住踹了他一脚。“这网是用过了油的千丝绳编成，连海鲨都能直接网出来，还怕你挣脱？？带走！” 一群人在杨家人不知道如何反应的情况下，将杨云度层层捆绑，押着朝路家去了。
CH0154,第154章 到来（二）,reward,转。 这不是内气，也不是实物，而是纯粹的无数道震动，头发丝大小的震动。 这样的震动疯狂的提升和调节着路胜的肉身。 如果是普通的武者，要想达到这种程度，需要把这些武学一门门的全部推演突破极限，之后还要融合在一起，同一时间晋级，对肉身产生冲击，才能达到这般效果。 而没有修改器，就算是路胜自己，也至少需要上百年才有可能实现。
CH0155,第155章 阴极（一）,reversal,系里推演出来的新境界，很快便看出了阴鹤网是个什么东西。 这是一张纯粹用阴性内气凝聚的经脉网络，之前的强化抗毒，高速自愈，渡气，同化，还有最关键的镇压阴阳等等特效，都凝固到了这个特效里。 “这完全是避开了原来的拥挤公路，自己建立交桥啊！” 搞懂这东西的功能后，路胜满脸惊叹。 这修改器居然把立交桥的创意，用在了内气运转上。
CH0156,第156章 阴极（二）,reversal,根本看不出她是女性，光那堪比成人大腿粗的胳膊肌肉，就让人望而生畏。 最为诡异的是，女子全身露出的皮肤，都呈现出水浸泡过很久后的苍白。 “这么说，你追来是想要和我打一场？”女子下巴微微扬起，眉心紧皱，一头钢针般的白色短发被风吹得不断侧扬。 “你觉得呢？红坊主。” 另一个一身漆黑，手里握着巨大狼牙棒的人影，出现在她的对面。
CH0157,第157章 断流（一）,reward,，甄家……啧啧……特别是上阳九礼那个丫头，居然也在沿山，真想一口气吃了她，看看上阳家是什么反应。”叶凌墨微笑道。 以他的实力，踏入如今的北地，世家撤离，地域空虚，基本上是无人可挡。 此时不正是重建卷人府的最好机会？ 只要能把这趟差事办得漂漂亮亮，让无忧王也无话可说，到时候申请镇压北地，固守一隅，得到资源，也是理所当然。
CH0158,第158章 断流（二）,crisis,…坊主姐姐……”伞女继续哭。 路胜又晃了晃，哭声顿时停了。 “本来我是不想这么早来红坊的，但谁叫你看到了不该看的东西？” 他一直暂时留着伞女没杀她，不过是为了调查情报，同时验证一下自己在闭关时产生的一个猜想。反正赤极九煞功的恐怖阳性力量，瞬间就能烧死对方。阴阳平衡后，他的速度也大增，远不是之前那般笨拙，也不惧对方逃离。
CH0159,第159章 实验（一）,crisis,能将其瞬间烧成飞灰。 路胜端坐正中，开始整理得到的收获。 一样小铃铛，一样黑色的檀木长盒子，还有一块类似藏宝图的古旧卷轴。 三样东西都有阴气，路胜也是按照这个标准搜刮的，整个红坊里也就这三样阴气浓烈，其余的太过匆忙没仔细看，或许也有的有，不过没这三样显眼。 路胜拿起第一件小铃铛。“你来告诉我，这个是什么？”他看向伞女。
CH0160,第160章 实验（二）,crisis,好好提升一下实力。 到了这个地步，他隐隐感觉到，自己内气阴阳相合，肉身正被缓慢的孕育改造，一旦改造完毕，必将整体实力上升一个台阶。 只是这个改造速度太慢。在这之前，他的全部实力依旧和前面没多大区别，也就是极阳道提升后，身体硬功更强了，更能抗了。 他不知道这个改造需要多久，但反正阴气够多，尝试一下能否用阴气加速进度也行。
CH0161,第161章 实验（三）,crisis,有真正交手，他也心头没底，但光从气息强度上感觉，此人绝对比白僵强，而且强出不止一个档次。 “如果现在的我再面对白僵……”路胜稍微对比了下，眼神眯了眯。“顶多比他强出一点。”心头又多出了一丝紧迫，他快步走向萧府大门，正巧又迎面走进来几个气质不凡的中年人。 这几人中的带头者一见他，便连忙抱拳。 “鄙人黄秋元，见过路帮主。”
CH0162,第162章 实验（四）,crisis,，搭建新的红坊总部。 正指挥搭建得起劲，忽然她猛地转过身，双眼灼灼的盯着远处走来的一个窈窕身影。 天色阴沉，但那个身影缓缓走近，却让红坊主脸上不由自主的浮现出温柔之色。 “樱樱，你没事就好……”她快步走近，然后一把搂住伞女，一动不动。 伞女也浑身颤抖着，满心欣喜。但一想到之前路胜的约定，她没来由的，心中就闪过一丝阴霾。
CH0163,第163章 动作（一）,crisis,的阴气，似乎花得也不那么浪费。 “特效：火血。” 路胜意念移上去时，迅速得到了这个特效的具体效果解释。 “极度的活化，让自身的细胞，血液变得具有超强吞噬性和侵略性。能抵抗绝大部分病毒细菌，因为超强的活性，对毒素也有极强的抗性。若是为其他生物注入或者吞噬，将会引发极其严重的排斥反应。同时对内气也会有极大程度的活化影响。”
CH0164,第164章 动作（二）,crisis,出现变异般的扭曲。 他的胸膛渐渐长出一个个指甲大小的血红瘤子，密密麻麻的血瘤很快覆盖了巴掌大小面积。 然后血瘤处又长出两条血线，朝徐吹双臂延伸。 一股强大到比他以前不知道多少倍的力量，在其体内翻滚涌动。 校场中，两人僵持不动，徐吹被路胜一掌打在胸口，却仿佛黏在他手上，悬在半空一动不动。 两人周围，无数红色烟气环绕旋转。
CH0165,第165章 抢先（一）,crisis,背有些驼外，再没有什么老人的毛病。 “不能说，答应过别人，这事你就别问了。还是仔细考虑下我们这些老家伙的以后吧？”张武牙摆摆手。“要是再这么下去，整个武盟怕是都要分崩离析。那些世家子没有盟主，根本没法压服。” “管念的绿意队呢？” “被查出叛徒后，便解散了。”张武牙摇头。 “解散？怎么可能！”房间门外又传来第三个声音。
CH0166,第166章 抢先（二）,crisis,女回话，猛地往前一跃，整个人如同飞鸟一般，朝着下方楼阁扑去。 “什么人！胆敢擅闯武盟！” 几道绿影飞掠而来，手里各自拿着钢叉和长刀长剑。赫然是盟内职守的世家子弟。 但这些子弟一看到半空的红坊主，顿时面色剧变，丢下武器转身就想跑。显然看出了她身份。 嘭！！！ 楼阁前的地面被砸出一个数米宽的大坑。 红坊主缓缓从坑中站起身。
CH0167,第167章 吸收（一）,open,至破开蜕变期。而缩短破开的办法，路胜唯一能够想到的，便是丹药。 利用加速身体新陈代谢之类的强大丹药，来加速度过蜕变期。虽然这样的丹药往往都会有副作用，但对路胜而言并不在乎。他修习养生功集成的阴阳玉鹤宝瓶气，如今已经隐约感受到，自己会比常人活得更久。 回到帮中，路胜迅速回到书房，从书柜后面的暗格里，翻出李顺溪送的宝药图。
CH0168,第168章 吸收（二）,crisis,臂闪电般弹出。 啪！ 他的手笔直，有力的，握住老者的脖子。将其悬挂在半空。 “就你了。”路胜提着他，转过身，缓缓朝来路走去。手里提着的老者拼命挣扎着，但无论怎么催动功力打在路胜身上，都无济于事。 黑暗里射来一道道骇人的视线，原本都贪婪的盯着走进来的路胜，此时看到老者瞬间被擒，那些视线顿时如同受惊的兔子，转眼便消失分散。
CH0169,第169章 吸收（三）,reversal,帮主请说。”徐吹低头恭敬道。 “你带上足够人手，去把所有一直暗中反对我赤鲸帮的山虎门，里面的高手全部抓起来送到监牢。注意，只要高手，内家高手。”路胜叮嘱。 “是！”徐吹沉声应道。 他上次回来后，便已经彻底掌管飞鹰堂了。以他普通状态的实力，应对山虎门的高手就已经足够，更别说还有隐藏底牌。 现在的徐吹也能当做是个天元来用。
CH0170,第170章 吸收（四）,crisis,心游会吗？ 那个不断逼近的势力，之前姐姐抓着自己的断臂，浑身是血的回来，那样子一直到现在伞女还无法忘怀。 有多久没有看到姐姐这么狼狈了？ 樱樱低下头，心中再度浮现起想要离开的念头。 她不想让姐姐这么辛苦，心游会的力量慢慢在朝这里追来。他们躲不了多久，就算重建了红坊，利用那本法决密册建起隐匿法阵，他们依旧无法躲避心游会。
CH0171,第171章 半月（一）,reversal,。 他伸手捏着黑色玉珏，随手把玩着，又看了看那两颗云蛇卷心丹。 “威胁步步紧逼，这么紧要的关头，红坊主不闭关调整状态，应付大敌，为何非要四处搜索毁掉红坊的人？这不合情理。”他眉头微蹙起来。 “难道说，她根本不是在找人，而是在借着找人之名，找其他的什么东西？又或者是我毁掉的红坊里，少了什么重要的物事。所以她才四处寻找。”
CH0172,第172章 半月（二）,question,，心头畅快无比，在肉身强度足够的情况下，他完全可以通过无限吸收内气，来提升自己。 这样的不劳而获，比起辛苦打坐苦修，要爽快太多了。 “路帮主……！”这老者面色一变，还未来得及说话。 嘭！ 一道闪电般影子出现在她身侧，一掌拍在他后心处。 大量宝瓶气涌入他体内，构建阴鹤网，然后吸取反馈他本身内气修为。 一切进行得有条不紊。
CH0173,第173章 半月（三）,crisis,一把将酒桶甩开，木桶砸在石壁上，咕噜噜滚落。残余的酒水从桶口流出来，洒在地上。 他缓缓起身，胖得全是层层叠叠肥肉的脸上，露出一个怪异而残忍的笑容。 “居然让人闯到了这里来……” 肉龙庞大的身躯足足有两米多高，站起身来就像是一座移动的肥肉山，两只粗壮的脚掌嘭嘭落在地面上，整个宴会厅都在微微颤动。 嘿嘿嘿嘿！！他狞笑起来。
CH0174,第174章 半月（四）,question,自养生功，所以只要加以控制，就不会结成阴鹤网，从而单纯的起到修养生机的目的，这种养生内气有着很好的延年益寿功效。 所以他打算尝试给未婚妻清理下体内隐患，回头再回去给路全安等家人清理。 但内气刚一进入陈芸熙体内，路胜原本笑盈盈的眼神瞬间变了。 一丝诡异气息！ 他居然从陈芸熙体内，感受到一丝极其隐蔽的，和红坊主相似的气息！
CH0175,第175章 迫近（一）,question,地面上，就和金字塔一样，只是其主体都在地下。 “就是这里。”红坊主舔了舔嘴唇，眼里闪过一丝饥渴。 “姐姐……小心……”伞女小声叮嘱。 “放心吧，除了那几人外，偌大北地谁能威胁到我？你只要保护好自己就行！”红坊主伸出手，贴在粗糙冰冷的小城墙面上。 无声无息间，小城墙面上边融化出一个硕大的窟窿。这些墙壁其实都是用冰层做成。
CH0176,第176章 迫近（二）,crisis,在眼前。 只是距离不到一米，蜥蜴身上渗透出来的一股奇异味道便钻入他鼻孔。这气味如同最辣的辣椒，刺鼻辛辣，直入肺部。 “开始吧。” 路胜提起蜥蜴，仰头。 四脚龙被他抓在掌心，狠狠一捏，顿时噗的一下化为一大团血肉，红色浆液从他手指缝间滴落下来，落进他张开的大嘴里。 大量的血不断滴入路胜口中。他身上的体温也开始迅速攀升起来。
CH0177,第177章 伏击（一）,crisis,尖啸，接连从红坊主身侧划过。 光是武器带起的剧烈风浪，便将原本平静的河面炸得水花四溅。四人似乎组成一个奇异的阵型，将红坊主和伞女包围在其中，不断高速挪移着，不时的冲上去挡下红坊主的任何突围之举。 伞女在一旁看得焦急万分，但又插不上手，这参战的四人，最弱都是七纹顶峰的力量，她上去连黑膜也打不破，除了拖后腿外没有任何用处。
CH0178,第178章 伏击（二）,crisis,主眼神一冷，也闪电般冲向路胜。 嘭嘭嘭嘭！！ 两人合力，如同狂风暴雨般的攻势砸向路胜，但都被他精准无比的一一挡住。 轰！！ 红坊主眨眼被一刀拍中头部，整个人飞出去滚出老远。 叶凌墨在半空中，全力格挡了一下路胜的斩刀。 铛！！ 一道银线般横斩，他的双手利爪瞬间断裂，身体快要拦腰折断一般，狠狠砸落在河里。 巨大的水浪溅起。
CH0179,第179章 伏击（三）,crisis,“我，才是最强的！！”红坊主重新站起身，她周身都燃烧着赤红色火焰，那火焰是从她身体内部喷涌出。 “最强！？”路胜从石壁上，将自己拔出来，“不，我才是，我才是最强！！” 唰！！ 几乎是同一时间，两人同时消失，如同两道极光，猛然对撞。 没有惊天动地的爆炸声，赤红和无形的火焰相互纠缠着，路胜和红坊主的交手，远比之前剧烈得多。
CH0180,第180章 伏击（四）,question,一些黑色的皮毛骨头，和一个粉色的同心结。 从形状上，依稀可以看出，红坊主就是一头体型不大的白虎，而伞女樱樱，是某种类似人类的种族。 路胜照例上前搜刮了一阵，从红坊主身上找出了一本书。 一本很小，很精致，只有指甲盖大小的黑色书册。 “这东西……”路胜眯了眯眼，还是将其塞进黑包里。 这书上边倒是有阴气了，而且不是一般的浓。
CH0181,第181章 平静（一）,crisis,递给路胜。 路胜一一接过，低头应是。 “定当听从。”他一脸恭敬。 不过上阳九礼可不信他这副模样，这家伙可是连无忧府六纹主祭都敢捡尸体的狠角色，若真是表面这般乖巧听话，她还真不放心让其坐镇北地。 这北地她呆了这么久，还真把这里当作自己的地盘了。这里没人打扰，资源充足，要什么有什么。还远离了家族的斗争漩涡。简直不要太舒服。
CH0182,第182章 平静（二）,crisis,娇嫩，红坊主的性格暴躁怪力。两者根本就是两个极端。 “只要姐姐愿意，樱樱什么时候……都可以……”樱樱难得的说出一句流畅话。看得出她说得很认真。 怪异到底是什么，路胜一直心有疑惑，但作为鬼物妖魔的樱樱和红坊主还活着，或许可以从她们身上得到答案。 这也是他没有第二次下杀手的关键。 还有他一直想要弄清楚的，阴气的源头和成分。
CH0183,第183章 不笑（一）,reversal,后一位长老负责的城池区域。 “恩？”忽然他手一顿。 拿起来的一份信纸上，日期清楚的标记着是一个多月前发出的。而纸上内容却是让他微微眯眼起来。 看完内容，他轻轻将信纸放在桌上，手指指节不急不缓的在上边敲动。 窗外明亮的白色天光照进来，正好落在淡黄的信纸上，映照出上面的一行字。 “环佩城舵主叶红南，失联十三天，下落不明。”
CH0184,第184章 不笑（二）,crisis,的正堂里再度亮起白光，一切恢复平静。 一个端坐在主位上的人影，被灯光映照在窗户纸上，一动不动。 除此之外，屋内再没有第二人。 “救命……救命！！”忽然石屋外又传来阵阵脚步声。 一个浑身泥水的落难人跌跌撞撞的冲进院落，看到亮着灯的正堂，顿时大喜，赶紧冲过去。 吱呀…… 木门开了又关闭。 “讲个笑话吧。”声音再度传出窗外。
CH0185,第185章 不笑（三）,crisis,近卫低声道。 路胜眯了眯眼。 陈外务使和徐长老都是他才提拔起来的新高层，之前环佩城出现问题，他便将这两位派去协助处理。 却没想到现在已经过去十多天了，居然一点消息也没有。 “报。”此时另外一名近卫急速赶到，将手上的一份信件双手奉上。“环佩城急件！” 路胜伸手将信件接过，展开看了几眼。才看完信上内容，他面色一下便阴下来。
CH0186,第186章 不笑（四）,reversal,会被自然而然的吸收精气，夜不能寐，精气神流失严重。看上去就像是没睡好一般。” “哦？？”路胜忽然一愣，他似乎在什么地方看到过类似的样子。 是在茶帮。 他回想起来，那面镜子…… “你有没有听说过，一面背后刻着凤凰，狐狸，和猫的镜子？”路胜缓缓轻声道。 “凤凰，狐狸和猫？你……不会说的是一面琉璃镜吧？”红坊白忽然睁大眼睛。
CH0187,第187章 不笑（五）,question,里也不时闪过一丝恐惧。 颜开没和他争，他看得出，这个师兄是曾经被朝龙吓破胆了。但他见过路胜，知道此人如巨枭，行事肆无忌惮，极其直接残暴。加上此处也在北地境内，在这里要是惹得这位路大帮主不高兴，那结果不言而喻。 真要这两位对上，他不觉得路胜会输。 “不管怎么说，这两位都是我们惹不起的大人物，不要去招惹就是。”颜开低声道。
CH0188,第188章 不笑（六）,crisis,笑话，把他逗笑了，才算过关，不然就见不到第二天的太阳。” 路胜摇头笑了，左右看了看。 “你们信吗？还有这种传说？” 宁三倒是认真考虑了下。 “属下认为，极可能是真的。这不笑主人既然传出了这样的规矩和名声，那就意味着，必然有人从他手下活下来过，所以才有这传闻传出来。” “有道理。”路胜点头。 周围其余人也都纷纷点头赞同。
CH0189,第189章 不笑（七）,crisis,身子发抖，浑身发冷，那是纯粹的胆子小。靠两人是靠不住的了，还得他亲自来。 看得出路胜还是对待他很温和，还算念旧情，那么此事就有转机。 “其实不瞒胜公子，我们是跟着一个从外地来此的危险人物，来到此地。”颜开正色道。“在下师兄万和子，接了一份调查这人的悬赏，一路从东面跟来，却没想到他们也是为了这不笑传说，特地赶到这小镇。”
CH0190,第190章 不笑（八）,reversal,……千年前鼎盛时期的大宋，盛行使用的古宋体。”路胜站起身淡淡道，“不过这个古宋体，用的是繁体……只有祭祀的时候，才会使用繁体，平常时候，不应该用这样的字……”他面露疑惑之色。 这欢喜村，似乎不只是不笑主人一个怪异这么简单。 “难不成，这个村子根本就不是给人住的？”宁三嘀咕了句。 路胜听到这句话，忽然脑海中闪过一个可能。
CH0191,第191章 不笑（九）,reversal,赫然是万和子，他手里还端着一个破瓷片，正放在嘴边似乎在喝水。 “你怎么一个人过来，蓉蓉呢？”万和子疑惑问。“刚才雾气一下子全散了，我进了门，看到这位兄台正在屋子里喝水休息，便讨要了点。然后就听到外面传出声音。” “原来大家都是避雨的啊。”那疤脸汉子也是恍然，“若不嫌弃，就都进来休息下吧，这屋子虽然脏乱，但好歹不漏雨。”
CH0192,第192章 不笑（十）,crisis,只是两个血洞，黑色的能够看到身体里面的孔洞。 董琪浑身一颤，手里的短刀差点没能握紧。她脸色发白，浑身发冷，身上汗水迅速打湿内衣。 缓缓退后两步。 啊！！ 她突然尖叫一声，猛地转身朝着大门跑去。 门外，院落正中。 路胜缓缓握住插在地上的刀，站起身。看向身后缓缓走近的高大身躯。 “等你很久了，朝龙……” 身后那人微微一顿。
CH0193,第193章 通道（一）,crisis,来吧！杀了我！你能办到的话！！”他大手猛然朝落地的绿光抓去。 哧！ 又是一道绿光划过，路胜抓了个空，代价是手臂上也多出一道伤口。 但诡异的是，他之前胸口的伤口，此时已经愈合得差不多了。 这次手臂中招，伤口上同时溅射出暗红色和金色火光，那不光是高速摩擦碰撞产生的高温，还有阴阳玉鹤宝瓶气本能的反震，配合血网高温带来的灼烧。
CH0194,第194章 通道（二）,crisis,人知道是我杀了朝龙。”虽然不怕，但少些麻烦也是好。 路胜缓缓走到董琪身边，这女人被碎石堆埋到废墟里，已经奄奄一息了。似乎是内脏出血之类的伤势。 路胜想了想，还是没让她死，这女人是个人才，能够一人之力将茶帮打理得财源滚滚，就这么死了也怪可惜。 他伸出手，按在董琪额头上，一丝丝的阴阳玉鹤宝瓶气迅速渗入其体内，看还有没有救。
CH0195,第195章 决定（一）,crisis,路胜心头并不后悔。 北地还有很多需要处理的事，他想要为自己打造一个绝对安全的窝，一个强大的家，一个能够在自己受伤重创时，也能隐身修养的大本营。 在这个混乱危险的世界，这样的东西要想建立起来，无疑是需要强大的武力和势力。 “下次吧，等我把三圣门什么的全部弄清楚，总会有再进去的机会。”路胜看着空空如也的密室，面色沉静下来。
CH0196,第196章 决定（二）,question,生的她实力弱小得和小孩差不多，加上吸收的怨气太少，还要大部分给姐姐，其余的也全用在长大形体上了，此时的她压根就是个普通人，顶多就是步法轻盈，跑得快点而已。 看到小伞女在那嘿哟嘿哟压衣服，路胜也不是故意要折磨她，而是如今他秘密越来越多，普通的侍女已经无法满足他的需求，索性就让小伞女担任这个位置。反正他也不可能放伞女离开。
CH0197,第197章 决定（三）,crisis, “重伤？”路胜一愣，赵娇娇的实力有多强，他是知道的。天元实力，加上被他种下阴鹤网后，更是进步飞快，只要再过几年时间，她就能突破天元，达到新境界。 “带我去看看。”他沉声道。 “是！” 玉莲子带着路胜一路朝着赤鲸号下层，船腹处走去。那里是赤鲸帮生活区，居住着大量的帮中成员和高手长老。 几人匆匆来到一处满是药味的船舱房。
CH0198,第198章 决定（四）,reward,批量生产来赚钱……”路胜视线缓缓从眼前的一溜秘籍上划过。 “玄光定神掌”、“大日流沙剑诀”、“还圣功”、“金风玉露决”、“蓝风玄武勾”、“八门皇拳”、“云煞掌”…… 一门门凝神绝学，名字都取得相当霸道，明显都寄托了创功者极大的希望，希望能够如名字一般强霸纵横。 “可惜……连天元也不过是俗世中较大的蚂蚁。”路胜微微叹息。
CH0199,第199章 偶然（一）,crisis,转了一遍，消耗了少许内气，坐下休息数十息，再站起身，肌肉的酸麻痒便彻底消失了。 “再来！” 他再度开始按照明虚功的步法练习起来。 这练功步法有些怪异，怎么别扭怎么来。路胜腿部肌肉麻痒了五六次，反复用内气急速恢复愈合，这才慢慢掌握诀窍。 明虚功的心法和用力诀窍也很别扭，非要朝着使力最艰难的方向用劲，稍有不慎就会扭伤脚筋。
CH0200,第200章 偶然（二）,crisis,路过这里。数十米长的身躯仿佛史前巨兽，带着恐怖强烈的压迫感扑向远方。 巨狼转瞬便消失，没入远处风雪中。 路胜目送对方离开，沉吟片刻。 他忽然轻轻抬起脚。 轰隆！！！ 地面雪地骤然炸裂一道道裂纹，大片的雪粉炸开腾空。 以路胜为中心，方圆十数米急速蔓延开大片蛛网般裂痕。巨大的反震力带着他冲天而起，朝着白色巨狼方向紧追而去。
